name,suit,rank
cards_00.png,club,1
cards_01.png,club,2
cards_02.png,club,3
cards_03.png,club,4
cards_04.png,club,5
cards_05.png,club,6
cards_06.png,club,7
cards_07.png,club,8
cards_08.png,club,9
cards_09.png,club,10
cards_10.png,club,11
cards_11.png,club,12
cards_12.png,club,13
cards_13.png,spade,1
cards_14.png,spade,2
cards_15.png,spade,3
cards_16.png,spade,4
cards_17.png,spade,5
cards_18.png,spade,6
cards_19.png,spade,7
cards_20.png,spade,8
cards_21.png,spade,9
cards_22.png,spade,10
cards_23.png,spade,11
cards_24.png,spade,12
cards_25.png,spade,13